loan_status_index,prediction
1.0,1.0
1.0,1.0
0.0,0.0
0.0,0.0
0.0,0.0
1.0,0.0
1.0,1.0
0.0,0.0
1.0,1.0
0.0,0.0
0.0,0.0
1.0,1.0
0.0,0.0
0.0,0.0
0.0,0.0
0.0,0.0
0.0,0.0
1.0,1.0
0.0,0.0
0.0,0.0
0.0,0.0
0.0,0.0
0.0,0.0
0.0,0.0
0.0,0.0
0.0,0.0
1.0,1.0
0.0,0.0
0.0,0.0
0.0,0.0
0.0,0.0
1.0,1.0
0.0,1.0
0.0,0.0
0.0,0.0
0.0,0.0
0.0,0.0
0.0,0.0
0.0,0.0
1.0,1.0
1.0,1.0
0.0,1.0
1.0,1.0
0.0,0.0
1.0,1.0
0.0,0.0
1.0,1.0
1.0,0.0
0.0,0.0
0.0,0.0
0.0,0.0
1.0,1.0
0.0,0.0
1.0,1.0
0.0,0.0
0.0,0.0
0.0,0.0
0.0,0.0
1.0,1.0
0.0,0.0
0.0,0.0
0.0,0.0
1.0,1.0
0.0,0.0
1.0,1.0
1.0,0.0
0.0,0.0
0.0,0.0
0.0,0.0
1.0,1.0
0.0,0.0
0.0,0.0
0.0,0.0
0.0,0.0
1.0,1.0
0.0,0.0
0.0,0.0
0.0,0.0
0.0,0.0
0.0,0.0
0.0,0.0
1.0,1.0
0.0,0.0
1.0,1.0
1.0,1.0
0.0,0.0
0.0,0.0
1.0,1.0
0.0,1.0
1.0,1.0
1.0,1.0
1.0,1.0
0.0,0.0
0.0,0.0
0.0,0.0
1.0,0.0
1.0,1.0
0.0,0.0
0.0,0.0
1.0,0.0
0.0,0.0
0.0,0.0
0.0,0.0
0.0,0.0
0.0,0.0
0.0,0.0
1.0,1.0
1.0,1.0
1.0,1.0
0.0,0.0
1.0,1.0
0.0,1.0
0.0,1.0
1.0,0.0
1.0,1.0
1.0,1.0
1.0,1.0
0.0,0.0
0.0,0.0
0.0,0.0
0.0,1.0
1.0,1.0
1.0,1.0
0.0,0.0
0.0,0.0
0.0,1.0
1.0,1.0
0.0,0.0
0.0,0.0
1.0,1.0
0.0,1.0
0.0,0.0
1.0,1.0
0.0,0.0
1.0,1.0
1.0,1.0
0.0,0.0
1.0,1.0
1.0,1.0
0.0,0.0
0.0,1.0
0.0,0.0
1.0,1.0
0.0,0.0
0.0,0.0
0.0,0.0
0.0,0.0
1.0,1.0
0.0,0.0
1.0,1.0
0.0,0.0
1.0,1.0
0.0,0.0
0.0,0.0
0.0,0.0
0.0,0.0
1.0,1.0
0.0,0.0
0.0,0.0
0.0,0.0
0.0,0.0
0.0,1.0
1.0,0.0
0.0,0.0
0.0,0.0
0.0,0.0
1.0,1.0
0.0,0.0
1.0,1.0
0.0,0.0
1.0,1.0
1.0,1.0
0.0,0.0
1.0,1.0
0.0,0.0
0.0,0.0
1.0,1.0
1.0,1.0
0.0,0.0
0.0,0.0
0.0,0.0
1.0,1.0
0.0,0.0
1.0,1.0
0.0,0.0
0.0,0.0
1.0,1.0
1.0,1.0
1.0,1.0
0.0,0.0
0.0,0.0
1.0,1.0
0.0,0.0
1.0,0.0
0.0,0.0
0.0,0.0
1.0,0.0
0.0,1.0
0.0,0.0
0.0,0.0
1.0,1.0
0.0,0.0
0.0,0.0
1.0,1.0
1.0,1.0
0.0,1.0
0.0,0.0
0.0,1.0
0.0,0.0
0.0,0.0
1.0,1.0
1.0,1.0
0.0,0.0
0.0,0.0
0.0,1.0
0.0,0.0
0.0,0.0
0.0,0.0
1.0,1.0
1.0,1.0
1.0,1.0
1.0,0.0
1.0,1.0
0.0,1.0
1.0,1.0
1.0,1.0
1.0,1.0
0.0,0.0
0.0,0.0
0.0,0.0
1.0,1.0
0.0,0.0
1.0,1.0
1.0,1.0
0.0,1.0
0.0,0.0
1.0,1.0
0.0,0.0
0.0,0.0
0.0,0.0
1.0,1.0
0.0,0.0
0.0,0.0
1.0,0.0
0.0,0.0
0.0,0.0
1.0,1.0
0.0,0.0
0.0,0.0
0.0,0.0
1.0,1.0
1.0,1.0
0.0,0.0
1.0,1.0
1.0,1.0
0.0,0.0
1.0,1.0
0.0,0.0
0.0,0.0
1.0,1.0
1.0,1.0
0.0,0.0
1.0,1.0
0.0,0.0
0.0,0.0
1.0,1.0
0.0,0.0
0.0,0.0
1.0,1.0
0.0,1.0
0.0,0.0
0.0,0.0
1.0,1.0
1.0,1.0
1.0,1.0
0.0,0.0
0.0,0.0
0.0,0.0
1.0,1.0
1.0,0.0
1.0,1.0
0.0,0.0
0.0,0.0
1.0,1.0
0.0,1.0
1.0,1.0
0.0,0.0
0.0,0.0
0.0,0.0
1.0,1.0
0.0,0.0
0.0,0.0
0.0,0.0
0.0,0.0
1.0,1.0
1.0,1.0
0.0,1.0
0.0,0.0
0.0,0.0
0.0,0.0
1.0,1.0
0.0,0.0
1.0,1.0
0.0,1.0
0.0,0.0
0.0,0.0
0.0,0.0
0.0,0.0
0.0,0.0
0.0,0.0
0.0,0.0
0.0,0.0
0.0,0.0
0.0,0.0
1.0,1.0
0.0,0.0
0.0,0.0
1.0,1.0
0.0,0.0
0.0,0.0
0.0,0.0
1.0,0.0
0.0,0.0
1.0,1.0
0.0,0.0
0.0,1.0
0.0,0.0
0.0,0.0
0.0,0.0
0.0,0.0
0.0,0.0
1.0,1.0
0.0,0.0
0.0,0.0
0.0,0.0
0.0,0.0
0.0,0.0
0.0,0.0
1.0,1.0
0.0,0.0
0.0,0.0
0.0,0.0
0.0,0.0
0.0,0.0
0.0,0.0
0.0,0.0
1.0,1.0
0.0,1.0
1.0,1.0
1.0,1.0
0.0,0.0
1.0,1.0
0.0,0.0
1.0,1.0
0.0,0.0
0.0,0.0
1.0,1.0
0.0,0.0
1.0,1.0
0.0,0.0
1.0,1.0
0.0,1.0
0.0,0.0
1.0,1.0
0.0,0.0
1.0,1.0
0.0,0.0
0.0,0.0
0.0,0.0
0.0,0.0
0.0,0.0
1.0,1.0
0.0,0.0
0.0,0.0
1.0,1.0
1.0,1.0
0.0,0.0
0.0,1.0
0.0,0.0
1.0,1.0
0.0,0.0
0.0,0.0
1.0,1.0
0.0,0.0
0.0,0.0
0.0,0.0
1.0,1.0
0.0,0.0
0.0,0.0
1.0,1.0
0.0,0.0
1.0,1.0
1.0,0.0
0.0,0.0
0.0,0.0
0.0,0.0
0.0,0.0
0.0,0.0
1.0,1.0
0.0,0.0
0.0,0.0
1.0,1.0
1.0,1.0
0.0,0.0
1.0,0.0
1.0,1.0
0.0,0.0
0.0,0.0
0.0,0.0
0.0,0.0
0.0,0.0
0.0,0.0
1.0,1.0
0.0,1.0
0.0,1.0
1.0,1.0
0.0,0.0
0.0,0.0
1.0,1.0
1.0,1.0
0.0,0.0
1.0,1.0
0.0,0.0
1.0,1.0
1.0,1.0
1.0,1.0
0.0,0.0
1.0,0.0
0.0,0.0
0.0,0.0
0.0,0.0
0.0,0.0
0.0,0.0
0.0,0.0
0.0,0.0
0.0,1.0
0.0,0.0
0.0,0.0
0.0,0.0
0.0,0.0
0.0,0.0
0.0,0.0
1.0,1.0
0.0,0.0
0.0,0.0
0.0,0.0
0.0,0.0
0.0,0.0
1.0,1.0
1.0,0.0
1.0,1.0
1.0,1.0
0.0,0.0
0.0,0.0
0.0,0.0
0.0,1.0
0.0,0.0
0.0,0.0
0.0,1.0
0.0,0.0
1.0,1.0
1.0,1.0
0.0,0.0
1.0,0.0
0.0,1.0
0.0,0.0
1.0,1.0
0.0,0.0
0.0,0.0
0.0,0.0
0.0,0.0
1.0,1.0
1.0,1.0
0.0,0.0
0.0,0.0
0.0,0.0
0.0,0.0
1.0,1.0
0.0,0.0
0.0,0.0
0.0,0.0
1.0,1.0
1.0,1.0
0.0,0.0
0.0,0.0
1.0,1.0
1.0,1.0
0.0,0.0
1.0,1.0
1.0,1.0
0.0,0.0
1.0,1.0
1.0,1.0
1.0,1.0
0.0,0.0
0.0,0.0
0.0,0.0
0.0,0.0
1.0,1.0
1.0,1.0
0.0,1.0
1.0,1.0
0.0,0.0
1.0,1.0
0.0,0.0
0.0,0.0
0.0,0.0
0.0,1.0
1.0,1.0
0.0,0.0
0.0,0.0
0.0,0.0
0.0,0.0
0.0,0.0
1.0,1.0
1.0,1.0
0.0,0.0
0.0,0.0
1.0,1.0
0.0,0.0
0.0,0.0
1.0,1.0
0.0,0.0
1.0,1.0
0.0,0.0
1.0,1.0
0.0,0.0
0.0,0.0
0.0,0.0
0.0,1.0
0.0,0.0
1.0,1.0
0.0,0.0
0.0,0.0
0.0,0.0
0.0,0.0
0.0,0.0
0.0,0.0
0.0,0.0
1.0,1.0
0.0,1.0
1.0,1.0
1.0,1.0
1.0,0.0
1.0,1.0
1.0,1.0
1.0,1.0
1.0,1.0
0.0,0.0
1.0,1.0
0.0,0.0
1.0,0.0
0.0,0.0
0.0,0.0
0.0,0.0
1.0,1.0
0.0,0.0
1.0,1.0
0.0,1.0
1.0,1.0
0.0,0.0
1.0,1.0
1.0,1.0
0.0,0.0
1.0,1.0
0.0,0.0
1.0,0.0
0.0,0.0
0.0,0.0
0.0,1.0
0.0,0.0
0.0,0.0
0.0,0.0
0.0,0.0
0.0,0.0
0.0,0.0
0.0,0.0
0.0,0.0
1.0,1.0
1.0,1.0
1.0,1.0
1.0,1.0
1.0,1.0
0.0,0.0
0.0,0.0
0.0,1.0
0.0,0.0
0.0,0.0
0.0,0.0
0.0,0.0
1.0,1.0
0.0,0.0
0.0,0.0
0.0,0.0
0.0,0.0
0.0,0.0
0.0,1.0
0.0,0.0
0.0,0.0
0.0,0.0
0.0,0.0
0.0,0.0
0.0,0.0
0.0,0.0
0.0,0.0
0.0,0.0
0.0,0.0
1.0,1.0
1.0,1.0
1.0,1.0
1.0,1.0
0.0,1.0
1.0,0.0
0.0,0.0
0.0,0.0
0.0,0.0
0.0,0.0
0.0,1.0
1.0,1.0
0.0,0.0
0.0,0.0
0.0,0.0
1.0,1.0
0.0,0.0
0.0,0.0
0.0,0.0
0.0,1.0
1.0,1.0
0.0,0.0
0.0,0.0
1.0,1.0
0.0,0.0
1.0,1.0
0.0,0.0
0.0,0.0
1.0,1.0
0.0,0.0
0.0,0.0
0.0,1.0
0.0,1.0
0.0,0.0
0.0,0.0
0.0,0.0
0.0,1.0
1.0,1.0
1.0,1.0
0.0,0.0
1.0,1.0
0.0,0.0
0.0,0.0
0.0,0.0
0.0,0.0
0.0,0.0
0.0,0.0
0.0,0.0
0.0,0.0
0.0,0.0
1.0,1.0
0.0,0.0
1.0,1.0
0.0,0.0
1.0,1.0
0.0,0.0
0.0,0.0
1.0,1.0
0.0,1.0
1.0,1.0
1.0,1.0
1.0,1.0
0.0,0.0
1.0,1.0
1.0,1.0
1.0,1.0
1.0,1.0
0.0,0.0
0.0,0.0
0.0,0.0
1.0,1.0
1.0,0.0
1.0,1.0
0.0,0.0
1.0,1.0
1.0,1.0
0.0,0.0
1.0,1.0
1.0,1.0
1.0,1.0
1.0,0.0
0.0,0.0
0.0,0.0
0.0,1.0
0.0,0.0
0.0,0.0
1.0,1.0
0.0,0.0
0.0,0.0
0.0,0.0
1.0,1.0
0.0,0.0
1.0,0.0
0.0,0.0
0.0,1.0
0.0,0.0
0.0,0.0
1.0,0.0
0.0,0.0
0.0,0.0
0.0,0.0
1.0,1.0
0.0,0.0
1.0,1.0
0.0,0.0
1.0,1.0
0.0,0.0
1.0,1.0
0.0,1.0
0.0,0.0
0.0,0.0
0.0,0.0
1.0,1.0
0.0,0.0
0.0,0.0
0.0,0.0
1.0,1.0
0.0,0.0
1.0,1.0
0.0,0.0
0.0,0.0
1.0,1.0
0.0,0.0
1.0,1.0
0.0,0.0
0.0,0.0
1.0,1.0
1.0,1.0
1.0,1.0
0.0,0.0
1.0,1.0
1.0,1.0
1.0,1.0
1.0,1.0
0.0,0.0
1.0,1.0
0.0,0.0
0.0,0.0
0.0,0.0
1.0,1.0
0.0,0.0
1.0,1.0
1.0,1.0
0.0,0.0
0.0,0.0
0.0,0.0
0.0,0.0
0.0,0.0
0.0,0.0
0.0,0.0
0.0,0.0
0.0,0.0
1.0,1.0
0.0,1.0
0.0,1.0
1.0,1.0
1.0,1.0
0.0,0.0
1.0,1.0
1.0,0.0
0.0,0.0
0.0,0.0
1.0,1.0
1.0,1.0
1.0,1.0
1.0,1.0
0.0,0.0
0.0,0.0
0.0,0.0
1.0,1.0
0.0,0.0
0.0,0.0
0.0,0.0
0.0,0.0
1.0,1.0
0.0,0.0
1.0,1.0
1.0,1.0
1.0,1.0
0.0,0.0
0.0,0.0
0.0,0.0
0.0,0.0
0.0,0.0
0.0,0.0
0.0,0.0
0.0,0.0
0.0,0.0
1.0,1.0
0.0,0.0
0.0,0.0
1.0,0.0
0.0,0.0
0.0,0.0
0.0,0.0
1.0,1.0
0.0,0.0
0.0,0.0
0.0,0.0
0.0,1.0
1.0,1.0
0.0,0.0
1.0,1.0
1.0,0.0
1.0,1.0
1.0,0.0
0.0,0.0
1.0,1.0
0.0,0.0
0.0,0.0
0.0,0.0
1.0,1.0
0.0,0.0
0.0,0.0
1.0,1.0
1.0,1.0
0.0,0.0
1.0,1.0
0.0,0.0
1.0,0.0
1.0,1.0
1.0,1.0
0.0,0.0
1.0,1.0
1.0,1.0
0.0,1.0
0.0,1.0
1.0,1.0
1.0,1.0
1.0,1.0
0.0,0.0
0.0,0.0
1.0,1.0
0.0,0.0
1.0,0.0
1.0,1.0
1.0,1.0
0.0,0.0
0.0,0.0
1.0,1.0
0.0,0.0
1.0,1.0
1.0,1.0
0.0,0.0
1.0,1.0
0.0,0.0
1.0,1.0
1.0,0.0
0.0,0.0
1.0,1.0
1.0,1.0
1.0,1.0
0.0,0.0
0.0,0.0
0.0,1.0
1.0,1.0
0.0,0.0
1.0,1.0
0.0,0.0
1.0,1.0
0.0,0.0
0.0,0.0
1.0,1.0
0.0,0.0
0.0,0.0
1.0,1.0
0.0,0.0
0.0,0.0
0.0,1.0
0.0,0.0
1.0,1.0
1.0,1.0
0.0,0.0
1.0,1.0
1.0,1.0
1.0,1.0
1.0,1.0
0.0,0.0
0.0,0.0
1.0,1.0
1.0,1.0
0.0,0.0
0.0,0.0
0.0,0.0
1.0,0.0
1.0,1.0
0.0,0.0
1.0,1.0
0.0,0.0
0.0,0.0
0.0,0.0
1.0,0.0
1.0,1.0
0.0,0.0
0.0,0.0
0.0,0.0
0.0,0.0
0.0,0.0
1.0,1.0
1.0,1.0
1.0,1.0
1.0,1.0
0.0,0.0
0.0,0.0
1.0,1.0
1.0,1.0
1.0,0.0
0.0,0.0
1.0,1.0
1.0,1.0
1.0,0.0
0.0,0.0
0.0,0.0
1.0,1.0
0.0,0.0
1.0,1.0
0.0,0.0
1.0,1.0
1.0,1.0
1.0,1.0
0.0,0.0
0.0,0.0
1.0,1.0
0.0,0.0
0.0,0.0
0.0,0.0
1.0,1.0
0.0,0.0
1.0,0.0
0.0,0.0
0.0,0.0
0.0,0.0
1.0,1.0
0.0,0.0
1.0,1.0
0.0,0.0
1.0,1.0
0.0,0.0
0.0,0.0
0.0,0.0
0.0,0.0
0.0,1.0
1.0,1.0
0.0,0.0
0.0,0.0
0.0,0.0
1.0,1.0
0.0,0.0
0.0,0.0
0.0,0.0
0.0,0.0
0.0,0.0
0.0,1.0
0.0,0.0
0.0,0.0
0.0,0.0
0.0,0.0
0.0,0.0
0.0,0.0
0.0,0.0
0.0,0.0
0.0,0.0
1.0,1.0
0.0,0.0
0.0,0.0
0.0,0.0
0.0,0.0
0.0,0.0
0.0,0.0
1.0,1.0
0.0,0.0
0.0,0.0
0.0,0.0
0.0,0.0
1.0,1.0
0.0,1.0
0.0,0.0
1.0,1.0
1.0,1.0
0.0,0.0
0.0,0.0
1.0,1.0
0.0,0.0
1.0,1.0
0.0,0.0
1.0,1.0
0.0,0.0
0.0,0.0
1.0,1.0
0.0,0.0
0.0,0.0
0.0,0.0
0.0,0.0
0.0,0.0
0.0,0.0
1.0,1.0
0.0,0.0
0.0,0.0
0.0,0.0
1.0,1.0
1.0,1.0
1.0,1.0
1.0,1.0
0.0,0.0
1.0,1.0
0.0,0.0
1.0,1.0
1.0,1.0
0.0,0.0
0.0,0.0
1.0,1.0
0.0,0.0
0.0,0.0
0.0,0.0
1.0,1.0
0.0,0.0
0.0,0.0
0.0,0.0
0.0,0.0
1.0,1.0
1.0,1.0
0.0,0.0
0.0,0.0
0.0,0.0
0.0,0.0
1.0,1.0
1.0,1.0
0.0,0.0
1.0,1.0
0.0,0.0
0.0,0.0
0.0,1.0
1.0,1.0
0.0,1.0
1.0,1.0
0.0,0.0
0.0,0.0
0.0,0.0
0.0,0.0
0.0,0.0
0.0,0.0
1.0,1.0
0.0,1.0
1.0,0.0
0.0,0.0
1.0,1.0
1.0,0.0
1.0,1.0
0.0,0.0
0.0,0.0
1.0,1.0
0.0,0.0
0.0,0.0
0.0,0.0
1.0,1.0
0.0,0.0
0.0,0.0
1.0,1.0
0.0,0.0
0.0,0.0
1.0,0.0
0.0,0.0
1.0,1.0
0.0,0.0
0.0,0.0
1.0,1.0
1.0,1.0
0.0,0.0
1.0,1.0
0.0,0.0
1.0,0.0
0.0,0.0
0.0,0.0
1.0,1.0
1.0,1.0
0.0,0.0
0.0,0.0
0.0,0.0
1.0,1.0
0.0,0.0
0.0,0.0
1.0,1.0
0.0,0.0
1.0,1.0
0.0,0.0
0.0,0.0
1.0,1.0
1.0,0.0
1.0,0.0
0.0,0.0
0.0,0.0
0.0,0.0
0.0,0.0
0.0,0.0
0.0,0.0
0.0,0.0
0.0,0.0
0.0,0.0
0.0,0.0
0.0,0.0
0.0,0.0
1.0,1.0
0.0,0.0
0.0,0.0
1.0,1.0
0.0,0.0
1.0,1.0
0.0,0.0
0.0,0.0
0.0,0.0
0.0,0.0
1.0,1.0
1.0,1.0
0.0,0.0
0.0,0.0
0.0,1.0
0.0,0.0
0.0,0.0
1.0,1.0
1.0,0.0
0.0,0.0
0.0,0.0
0.0,0.0
0.0,0.0
1.0,1.0
0.0,0.0
0.0,0.0
1.0,0.0
1.0,1.0
1.0,1.0
0.0,0.0
0.0,0.0
1.0,1.0
1.0,1.0
1.0,1.0
1.0,1.0
1.0,0.0
1.0,1.0
0.0,0.0
1.0,0.0
0.0,0.0
0.0,0.0
0.0,0.0
0.0,0.0
0.0,0.0
0.0,0.0
0.0,0.0
0.0,0.0
1.0,1.0
1.0,1.0
0.0,0.0
0.0,0.0
1.0,1.0
0.0,1.0
0.0,0.0
0.0,0.0
0.0,0.0
0.0,0.0
1.0,1.0
0.0,0.0
1.0,0.0
0.0,0.0
0.0,0.0
1.0,1.0
1.0,1.0
1.0,1.0
1.0,1.0
0.0,0.0
0.0,0.0
0.0,0.0
0.0,0.0
1.0,1.0
0.0,0.0
1.0,1.0
0.0,0.0
0.0,0.0
1.0,1.0
1.0,1.0
0.0,0.0
1.0,0.0
0.0,0.0
1.0,1.0
1.0,1.0
1.0,1.0
0.0,0.0
0.0,0.0
0.0,0.0
1.0,1.0
1.0,1.0
0.0,0.0
1.0,1.0
1.0,1.0
1.0,0.0
1.0,1.0
0.0,0.0
1.0,1.0
0.0,0.0
0.0,0.0
0.0,0.0
1.0,1.0
0.0,0.0
1.0,1.0
1.0,1.0
1.0,1.0
0.0,0.0
0.0,0.0
0.0,0.0
1.0,1.0
0.0,0.0
1.0,1.0
0.0,0.0
0.0,0.0
0.0,1.0
0.0,1.0
0.0,0.0
1.0,1.0
0.0,0.0
0.0,0.0
0.0,0.0
1.0,1.0
1.0,1.0
0.0,0.0
0.0,0.0
1.0,1.0
1.0,1.0
0.0,0.0
1.0,1.0
0.0,0.0
0.0,0.0
0.0,0.0
0.0,0.0
0.0,0.0
1.0,1.0
0.0,0.0
0.0,0.0
0.0,0.0
1.0,1.0
0.0,0.0
0.0,0.0
0.0,0.0
0.0,0.0
1.0,1.0
1.0,1.0
0.0,0.0
0.0,0.0
0.0,0.0
0.0,0.0
0.0,0.0
0.0,0.0
0.0,0.0
0.0,0.0
0.0,0.0
0.0,0.0
0.0,0.0
1.0,1.0
1.0,1.0
0.0,0.0
0.0,0.0
0.0,0.0
1.0,1.0
0.0,0.0
0.0,1.0
1.0,1.0
1.0,0.0
0.0,0.0
1.0,1.0
0.0,1.0
0.0,0.0
0.0,0.0
0.0,0.0
0.0,0.0
1.0,1.0
0.0,0.0
0.0,0.0
0.0,0.0
0.0,0.0
0.0,1.0
1.0,1.0
0.0,0.0
1.0,1.0
0.0,0.0
0.0,0.0
0.0,0.0
0.0,0.0
0.0,0.0
0.0,0.0
1.0,1.0
0.0,0.0
1.0,1.0
1.0,1.0
1.0,1.0
1.0,1.0
0.0,0.0
0.0,0.0
0.0,0.0
1.0,1.0
0.0,0.0
0.0,0.0
0.0,0.0
1.0,1.0
1.0,1.0
1.0,1.0
0.0,0.0
0.0,0.0
1.0,1.0
0.0,0.0
0.0,0.0
0.0,0.0
0.0,0.0
0.0,0.0
1.0,0.0
1.0,1.0
0.0,0.0
1.0,1.0
0.0,0.0
1.0,1.0
0.0,0.0
0.0,0.0
1.0,1.0
0.0,0.0
0.0,0.0
0.0,0.0
0.0,1.0
1.0,1.0
1.0,1.0
0.0,0.0
0.0,1.0
1.0,1.0
0.0,0.0
0.0,0.0
0.0,0.0
1.0,1.0
0.0,0.0
1.0,1.0
0.0,0.0
0.0,0.0
0.0,0.0
0.0,0.0
0.0,0.0
0.0,0.0
1.0,1.0
0.0,1.0
1.0,1.0
0.0,0.0
0.0,0.0
0.0,0.0
1.0,1.0
0.0,1.0
0.0,1.0
0.0,1.0
0.0,0.0
1.0,1.0
0.0,0.0
0.0,0.0
1.0,1.0
0.0,1.0
0.0,0.0
0.0,0.0
0.0,0.0
1.0,1.0
0.0,0.0
1.0,1.0
1.0,1.0
0.0,0.0
0.0,0.0
1.0,1.0
0.0,0.0
1.0,1.0
0.0,0.0
0.0,0.0
1.0,1.0
0.0,0.0
1.0,0.0
1.0,1.0
1.0,1.0
0.0,0.0
1.0,1.0
1.0,1.0
1.0,1.0
1.0,1.0
0.0,0.0
0.0,0.0
0.0,0.0
1.0,1.0
1.0,1.0
1.0,1.0
1.0,1.0
0.0,0.0
0.0,0.0
1.0,0.0
1.0,1.0
0.0,1.0
0.0,0.0
0.0,1.0
1.0,1.0
1.0,1.0
1.0,1.0
0.0,0.0
0.0,0.0
0.0,0.0
0.0,0.0
0.0,0.0
0.0,0.0
0.0,0.0
1.0,1.0
1.0,1.0
1.0,1.0
1.0,1.0
0.0,0.0
0.0,0.0
0.0,0.0
0.0,1.0
1.0,1.0
1.0,1.0
1.0,1.0
0.0,0.0
1.0,1.0
0.0,0.0
0.0,0.0
0.0,0.0
1.0,1.0
1.0,1.0
0.0,0.0
1.0,1.0
0.0,0.0
0.0,0.0
0.0,0.0
0.0,0.0
0.0,0.0
0.0,0.0
1.0,1.0
1.0,1.0
1.0,0.0
0.0,0.0
0.0,0.0
0.0,0.0
0.0,0.0
0.0,0.0
1.0,1.0
0.0,0.0
1.0,1.0
1.0,1.0
0.0,0.0
0.0,0.0
0.0,0.0
0.0,0.0
1.0,1.0
0.0,0.0
0.0,0.0
1.0,1.0
0.0,0.0
1.0,0.0
0.0,0.0
0.0,0.0
0.0,0.0
0.0,0.0
0.0,0.0
1.0,1.0
1.0,1.0
0.0,0.0
1.0,1.0
1.0,1.0
0.0,0.0
0.0,0.0
0.0,0.0
1.0,1.0
0.0,0.0
0.0,0.0
0.0,0.0
0.0,0.0
0.0,0.0
1.0,1.0
0.0,0.0
0.0,0.0
1.0,1.0
1.0,1.0
1.0,1.0
1.0,1.0
1.0,1.0
1.0,1.0
1.0,1.0
1.0,0.0
0.0,0.0
0.0,1.0
1.0,1.0
1.0,1.0
1.0,1.0
0.0,0.0
0.0,0.0
1.0,0.0
0.0,1.0
1.0,1.0
0.0,0.0
0.0,1.0
0.0,0.0
0.0,0.0
1.0,1.0
1.0,1.0
1.0,1.0
0.0,0.0
1.0,1.0
1.0,1.0
0.0,0.0
1.0,1.0
1.0,1.0
1.0,1.0
0.0,0.0
1.0,1.0
1.0,1.0
0.0,0.0
0.0,0.0
1.0,1.0
1.0,1.0
1.0,1.0
1.0,1.0
1.0,1.0
0.0,0.0
1.0,0.0
0.0,0.0
1.0,1.0
0.0,0.0
0.0,0.0
1.0,1.0
0.0,1.0
0.0,0.0
0.0,0.0
1.0,0.0
0.0,0.0
0.0,0.0
0.0,0.0
0.0,0.0
1.0,1.0
0.0,0.0
1.0,1.0
1.0,0.0
1.0,1.0
0.0,0.0
0.0,0.0
0.0,0.0
0.0,0.0
0.0,1.0
0.0,0.0
1.0,1.0
0.0,0.0
0.0,0.0
1.0,1.0
1.0,1.0
1.0,1.0
1.0,1.0
1.0,1.0
0.0,0.0
0.0,0.0
0.0,0.0
0.0,0.0
1.0,1.0
0.0,1.0
0.0,0.0
0.0,0.0
0.0,0.0
1.0,1.0
1.0,1.0
0.0,0.0
1.0,1.0
0.0,0.0
1.0,1.0
0.0,0.0
0.0,1.0
0.0,0.0
1.0,1.0
0.0,0.0
0.0,0.0
1.0,0.0
0.0,0.0
0.0,0.0
0.0,0.0
0.0,0.0
0.0,0.0
1.0,1.0
0.0,0.0
0.0,0.0
0.0,0.0
0.0,0.0
1.0,1.0
0.0,0.0
0.0,0.0
0.0,0.0
0.0,0.0
0.0,1.0
0.0,0.0
0.0,0.0
0.0,0.0
0.0,0.0
0.0,0.0
1.0,1.0
1.0,1.0
0.0,0.0
0.0,0.0
0.0,0.0
0.0,0.0
0.0,1.0
1.0,1.0
1.0,1.0
1.0,1.0
0.0,0.0
0.0,0.0
1.0,1.0
0.0,0.0
1.0,1.0
0.0,0.0
0.0,0.0
1.0,1.0
1.0,1.0
1.0,1.0
1.0,0.0
0.0,0.0
1.0,1.0
0.0,0.0
0.0,0.0
0.0,0.0
1.0,1.0
0.0,0.0
1.0,1.0
0.0,0.0
1.0,1.0
1.0,0.0
0.0,0.0
0.0,0.0
0.0,0.0
0.0,0.0
0.0,0.0
1.0,1.0
0.0,0.0
0.0,0.0
1.0,1.0
1.0,1.0
1.0,1.0
0.0,0.0
0.0,0.0
1.0,1.0
1.0,1.0
1.0,1.0
1.0,1.0
1.0,1.0
1.0,1.0
1.0,1.0
0.0,0.0
0.0,0.0
0.0,0.0
0.0,0.0
1.0,1.0
1.0,1.0
0.0,0.0
1.0,1.0
0.0,0.0
0.0,0.0
0.0,1.0
0.0,0.0
1.0,1.0
1.0,1.0
1.0,1.0
1.0,1.0
0.0,0.0
1.0,0.0
0.0,0.0
0.0,0.0
1.0,1.0
0.0,0.0
0.0,0.0
1.0,1.0
0.0,0.0
0.0,0.0
0.0,0.0
0.0,0.0
1.0,1.0
0.0,0.0
0.0,0.0
1.0,1.0
1.0,1.0
0.0,0.0
0.0,0.0
0.0,0.0
0.0,0.0
0.0,0.0
0.0,0.0
0.0,0.0
0.0,0.0
0.0,0.0
1.0,0.0
1.0,1.0
0.0,0.0
1.0,1.0
1.0,1.0
0.0,0.0
1.0,1.0
1.0,1.0
1.0,1.0
0.0,0.0
0.0,0.0
0.0,0.0
0.0,0.0
1.0,0.0
1.0,1.0
0.0,0.0
1.0,1.0
1.0,1.0
0.0,0.0
0.0,0.0
1.0,1.0
0.0,0.0
1.0,0.0
0.0,0.0
0.0,0.0
0.0,0.0
0.0,0.0
1.0,1.0
0.0,0.0
0.0,0.0
0.0,0.0
1.0,1.0
0.0,0.0
0.0,0.0
0.0,0.0
0.0,0.0
0.0,0.0
0.0,0.0
1.0,1.0
0.0,0.0
0.0,0.0
0.0,1.0
0.0,0.0
0.0,0.0
0.0,0.0
1.0,1.0
0.0,0.0
0.0,1.0
0.0,0.0
1.0,1.0
0.0,0.0
0.0,0.0
0.0,0.0
1.0,1.0
0.0,0.0
1.0,1.0
0.0,0.0
1.0,1.0
0.0,0.0
0.0,0.0
1.0,1.0
0.0,0.0
1.0,1.0
1.0,1.0
0.0,0.0
1.0,1.0
0.0,0.0
0.0,0.0
0.0,0.0
0.0,0.0
1.0,1.0
0.0,0.0
0.0,0.0
1.0,1.0
0.0,0.0
0.0,0.0
1.0,1.0
0.0,0.0
0.0,0.0
1.0,1.0
0.0,0.0
1.0,1.0
0.0,0.0
0.0,0.0
1.0,1.0
0.0,0.0
0.0,0.0
0.0,0.0
0.0,0.0
0.0,0.0
0.0,0.0
1.0,1.0
0.0,0.0
1.0,1.0
0.0,0.0
1.0,1.0
1.0,0.0
1.0,1.0
0.0,0.0
0.0,0.0
1.0,1.0
0.0,0.0
0.0,0.0
0.0,0.0
0.0,0.0
1.0,1.0
0.0,0.0
1.0,1.0
1.0,1.0
0.0,0.0
1.0,1.0
0.0,0.0
0.0,0.0
1.0,1.0
0.0,0.0
0.0,0.0
0.0,0.0
0.0,0.0
0.0,0.0
0.0,0.0
0.0,0.0
0.0,0.0
1.0,0.0
0.0,0.0
1.0,1.0
0.0,0.0
1.0,1.0
1.0,0.0
1.0,1.0
0.0,0.0
1.0,1.0
0.0,0.0
0.0,0.0
1.0,1.0
0.0,0.0
0.0,0.0
0.0,0.0
1.0,1.0
0.0,0.0
0.0,0.0
0.0,0.0
1.0,1.0
1.0,1.0
0.0,0.0
0.0,0.0
1.0,0.0
1.0,1.0
0.0,0.0
1.0,1.0
0.0,0.0
0.0,0.0
1.0,1.0
0.0,0.0
1.0,1.0
0.0,0.0
0.0,0.0
0.0,0.0
0.0,0.0
0.0,1.0
0.0,0.0
0.0,0.0
0.0,0.0
1.0,1.0
0.0,1.0
0.0,0.0
0.0,0.0
0.0,0.0
1.0,0.0
1.0,1.0
0.0,0.0
1.0,1.0
0.0,0.0
1.0,1.0
0.0,0.0
1.0,1.0
1.0,1.0
0.0,0.0
0.0,0.0
1.0,1.0
0.0,0.0
1.0,0.0
0.0,0.0
0.0,0.0
0.0,0.0
1.0,1.0
0.0,0.0
1.0,0.0
0.0,0.0
1.0,1.0
0.0,1.0
1.0,1.0
0.0,0.0
0.0,0.0
0.0,0.0
1.0,0.0
1.0,1.0
1.0,1.0
1.0,0.0
0.0,0.0
1.0,1.0
0.0,0.0
0.0,0.0
0.0,0.0
0.0,0.0
1.0,1.0
0.0,0.0
0.0,0.0
0.0,0.0
1.0,1.0
0.0,0.0
0.0,0.0
0.0,0.0
0.0,0.0
0.0,0.0
0.0,0.0
0.0,0.0
1.0,0.0
1.0,1.0
1.0,1.0
1.0,1.0
1.0,1.0
0.0,0.0
0.0,0.0
0.0,0.0
1.0,1.0
0.0,1.0
0.0,0.0
1.0,1.0
1.0,1.0
0.0,0.0
0.0,0.0
0.0,0.0
0.0,0.0
0.0,0.0
1.0,1.0
0.0,0.0
0.0,0.0
0.0,0.0
0.0,0.0
0.0,0.0
0.0,0.0
1.0,1.0
0.0,0.0
1.0,1.0
0.0,0.0
0.0,0.0
0.0,0.0
0.0,0.0
0.0,0.0
1.0,1.0
1.0,1.0
0.0,0.0
1.0,1.0
1.0,1.0
0.0,0.0
0.0,1.0
1.0,1.0
0.0,0.0
1.0,1.0
0.0,0.0
0.0,0.0
0.0,0.0
0.0,0.0
0.0,0.0
1.0,1.0
0.0,0.0
0.0,0.0
1.0,1.0
0.0,0.0
0.0,0.0
1.0,1.0
1.0,1.0
1.0,1.0
0.0,0.0
1.0,1.0
1.0,0.0
0.0,0.0
1.0,1.0
1.0,1.0
1.0,1.0
0.0,0.0
0.0,0.0
1.0,1.0
0.0,0.0
1.0,0.0
1.0,1.0
1.0,1.0
0.0,0.0
1.0,1.0
0.0,0.0
1.0,1.0
1.0,1.0
0.0,0.0
0.0,0.0
0.0,0.0
1.0,1.0
1.0,1.0
0.0,0.0
0.0,0.0
0.0,0.0
0.0,0.0
0.0,0.0
0.0,0.0
0.0,0.0
1.0,1.0
1.0,1.0
0.0,0.0
0.0,0.0
1.0,1.0
1.0,1.0
0.0,0.0
1.0,1.0
0.0,0.0
1.0,1.0
1.0,1.0
1.0,0.0
0.0,0.0
0.0,0.0
0.0,0.0
1.0,1.0
1.0,1.0
0.0,0.0
0.0,0.0
1.0,1.0
0.0,0.0
1.0,1.0
1.0,1.0
0.0,0.0
1.0,1.0
1.0,1.0
0.0,0.0
0.0,0.0
1.0,1.0
1.0,1.0
1.0,0.0
1.0,1.0
0.0,0.0
0.0,0.0
1.0,1.0
0.0,0.0
1.0,1.0
0.0,0.0
1.0,1.0
0.0,0.0
0.0,1.0
0.0,0.0
0.0,0.0
0.0,0.0
1.0,0.0
0.0,0.0
0.0,0.0
1.0,1.0
0.0,0.0
0.0,0.0
0.0,0.0
0.0,0.0
0.0,0.0
0.0,0.0
1.0,0.0
0.0,0.0
1.0,1.0
0.0,0.0
0.0,0.0
0.0,0.0
0.0,1.0
1.0,0.0
0.0,0.0
0.0,0.0
1.0,1.0
1.0,1.0
0.0,1.0
1.0,1.0
1.0,1.0
0.0,0.0
0.0,0.0
0.0,0.0
0.0,0.0
1.0,1.0
0.0,0.0
1.0,1.0
0.0,0.0
1.0,1.0
0.0,0.0
1.0,1.0
0.0,1.0
0.0,0.0
0.0,0.0
1.0,1.0
0.0,0.0
0.0,0.0
0.0,0.0
1.0,1.0
1.0,1.0
0.0,0.0
1.0,1.0
1.0,1.0
0.0,0.0
0.0,0.0
0.0,0.0
0.0,0.0
0.0,0.0
0.0,1.0
0.0,0.0
1.0,0.0
1.0,1.0
0.0,0.0
0.0,1.0
0.0,0.0
1.0,1.0
1.0,1.0
0.0,0.0
1.0,0.0
0.0,0.0
0.0,0.0
0.0,0.0
0.0,0.0
1.0,1.0
1.0,0.0
0.0,0.0
0.0,0.0
1.0,1.0
1.0,1.0
0.0,1.0
0.0,0.0
0.0,0.0
1.0,1.0
0.0,0.0
0.0,0.0
1.0,1.0
0.0,1.0
0.0,0.0
0.0,0.0
0.0,0.0
1.0,1.0
0.0,0.0
0.0,0.0
1.0,1.0
1.0,1.0
1.0,1.0
0.0,0.0
0.0,0.0
0.0,1.0
0.0,0.0
1.0,1.0
1.0,1.0
1.0,1.0
0.0,0.0
0.0,0.0
0.0,0.0
1.0,1.0
0.0,0.0
0.0,0.0
1.0,1.0
0.0,0.0
0.0,1.0
0.0,0.0
0.0,0.0
1.0,1.0
0.0,0.0
1.0,1.0
1.0,1.0
1.0,1.0
1.0,1.0
0.0,0.0
0.0,1.0
0.0,1.0
1.0,1.0
0.0,0.0
0.0,1.0
1.0,1.0
0.0,1.0
1.0,1.0
0.0,0.0
0.0,0.0
0.0,0.0
0.0,0.0
0.0,0.0
1.0,1.0
1.0,1.0
0.0,0.0
0.0,0.0
0.0,0.0
0.0,0.0
0.0,0.0
1.0,1.0
0.0,0.0
0.0,0.0
0.0,0.0
0.0,0.0
1.0,1.0
1.0,0.0
1.0,1.0
0.0,1.0
0.0,0.0
1.0,1.0
0.0,1.0
0.0,1.0
0.0,1.0
0.0,1.0
1.0,1.0
0.0,0.0
1.0,1.0
1.0,1.0
1.0,1.0
0.0,0.0
0.0,0.0
0.0,0.0
1.0,1.0
0.0,0.0
0.0,1.0
0.0,0.0
1.0,1.0
1.0,1.0
0.0,0.0
1.0,1.0
0.0,0.0
0.0,0.0
0.0,0.0
1.0,1.0
0.0,0.0
0.0,0.0
1.0,1.0
0.0,0.0
0.0,0.0
1.0,1.0
0.0,0.0
0.0,0.0
0.0,0.0
0.0,0.0
0.0,0.0
0.0,0.0
0.0,0.0
0.0,1.0
0.0,0.0
0.0,0.0
1.0,1.0
0.0,0.0
0.0,0.0
1.0,1.0
0.0,0.0
0.0,0.0
1.0,1.0
1.0,1.0
1.0,1.0
0.0,1.0
0.0,1.0
1.0,0.0
1.0,1.0
0.0,0.0
1.0,1.0
0.0,0.0
1.0,1.0
0.0,0.0
0.0,0.0
0.0,0.0
0.0,0.0
0.0,0.0
1.0,1.0
1.0,1.0
0.0,0.0
0.0,0.0
0.0,0.0
0.0,0.0
1.0,1.0
0.0,0.0
0.0,0.0
0.0,0.0
1.0,1.0
1.0,1.0
0.0,0.0
1.0,1.0
1.0,1.0
0.0,0.0
1.0,0.0
0.0,0.0
0.0,0.0
1.0,1.0
0.0,1.0
1.0,1.0
0.0,0.0
0.0,0.0
0.0,0.0
0.0,0.0
0.0,0.0
1.0,1.0
0.0,0.0
0.0,0.0
1.0,1.0
1.0,1.0
0.0,0.0
1.0,0.0
1.0,1.0
0.0,0.0
0.0,0.0
0.0,0.0
1.0,1.0
0.0,0.0
1.0,1.0
0.0,0.0
1.0,1.0
0.0,0.0
0.0,0.0
1.0,0.0
1.0,1.0
1.0,1.0
0.0,0.0
0.0,0.0
1.0,1.0
0.0,0.0
1.0,1.0
0.0,0.0
1.0,1.0
0.0,0.0
0.0,0.0
1.0,1.0
0.0,0.0
1.0,1.0
1.0,1.0
0.0,0.0
1.0,1.0
1.0,1.0
0.0,0.0
0.0,0.0
1.0,1.0
0.0,0.0
0.0,0.0
0.0,0.0
0.0,1.0
0.0,0.0
1.0,1.0
0.0,0.0
0.0,0.0
1.0,1.0
0.0,0.0
1.0,1.0
1.0,1.0
1.0,1.0
0.0,0.0
0.0,0.0
0.0,0.0
0.0,1.0
0.0,1.0
0.0,0.0
0.0,0.0
1.0,1.0
0.0,0.0
1.0,1.0
0.0,0.0
0.0,0.0
0.0,0.0
0.0,0.0
0.0,0.0
0.0,0.0
0.0,0.0
1.0,1.0
0.0,0.0
1.0,1.0
1.0,1.0
0.0,0.0
1.0,1.0
0.0,0.0
0.0,0.0
1.0,1.0
0.0,0.0
1.0,0.0
0.0,0.0
0.0,0.0
0.0,0.0
0.0,0.0
0.0,0.0
0.0,0.0
0.0,0.0
1.0,1.0
0.0,0.0
1.0,1.0
0.0,1.0
1.0,1.0
0.0,0.0
0.0,0.0
1.0,1.0
0.0,0.0
1.0,1.0
0.0,0.0
0.0,0.0
0.0,0.0
1.0,1.0
0.0,0.0
0.0,0.0
0.0,0.0
1.0,1.0
0.0,0.0
1.0,1.0
0.0,0.0
0.0,0.0
0.0,0.0
0.0,0.0
1.0,1.0
0.0,0.0
0.0,0.0
0.0,0.0
0.0,0.0
0.0,0.0
0.0,0.0
0.0,0.0
0.0,0.0
1.0,1.0
0.0,0.0
0.0,0.0
0.0,0.0
1.0,1.0
0.0,0.0
0.0,0.0
0.0,1.0
0.0,0.0
0.0,0.0
1.0,1.0
1.0,1.0
0.0,0.0
1.0,1.0
0.0,0.0
0.0,0.0
1.0,0.0
1.0,1.0
0.0,1.0
0.0,0.0
0.0,0.0
1.0,1.0
0.0,0.0
0.0,0.0
0.0,0.0
0.0,0.0
0.0,0.0
0.0,0.0
0.0,1.0
0.0,0.0
0.0,0.0
0.0,0.0
1.0,1.0
1.0,1.0
0.0,0.0
1.0,1.0
1.0,1.0
0.0,0.0
0.0,0.0
0.0,1.0
1.0,1.0
0.0,0.0
0.0,0.0
0.0,0.0
0.0,0.0
0.0,0.0
0.0,0.0
0.0,0.0
0.0,0.0
0.0,0.0
1.0,0.0
1.0,1.0
1.0,1.0
0.0,0.0
0.0,0.0
0.0,0.0
0.0,0.0
1.0,1.0
1.0,1.0
1.0,1.0
1.0,1.0
0.0,0.0
0.0,0.0
1.0,0.0
0.0,0.0
0.0,0.0
0.0,0.0
0.0,0.0
1.0,0.0
0.0,0.0
0.0,0.0
0.0,0.0
1.0,1.0
0.0,0.0
0.0,0.0
1.0,1.0
0.0,0.0
1.0,1.0
1.0,1.0
1.0,1.0
1.0,1.0
0.0,0.0
0.0,1.0
0.0,0.0
0.0,0.0
0.0,0.0
0.0,0.0
1.0,1.0
1.0,1.0
0.0,0.0
0.0,0.0
0.0,0.0
0.0,0.0
1.0,1.0
1.0,1.0
1.0,1.0
1.0,1.0
0.0,0.0
0.0,0.0
0.0,0.0
1.0,1.0
1.0,1.0
0.0,0.0
0.0,0.0
0.0,0.0
0.0,0.0
0.0,0.0
0.0,0.0
1.0,1.0
1.0,1.0
0.0,0.0
0.0,0.0
0.0,0.0
0.0,0.0
0.0,0.0
0.0,0.0
1.0,0.0
0.0,0.0
0.0,0.0
1.0,1.0
0.0,0.0
1.0,1.0
1.0,1.0
0.0,0.0
0.0,0.0
1.0,1.0
1.0,1.0
0.0,0.0
0.0,0.0
1.0,1.0
1.0,1.0
0.0,0.0
1.0,1.0
0.0,0.0
1.0,1.0
0.0,0.0
1.0,1.0
1.0,1.0
1.0,1.0
0.0,0.0
0.0,0.0
0.0,0.0
0.0,0.0
0.0,0.0
0.0,0.0
1.0,1.0
1.0,1.0
0.0,0.0
0.0,0.0
0.0,0.0
0.0,0.0
0.0,0.0
0.0,0.0
1.0,1.0
1.0,1.0
0.0,0.0
0.0,0.0
1.0,1.0
1.0,1.0
1.0,1.0
0.0,0.0
0.0,0.0
0.0,0.0
0.0,0.0
0.0,0.0
1.0,1.0
0.0,0.0
1.0,1.0
0.0,0.0
0.0,0.0
0.0,0.0
0.0,0.0
0.0,0.0
0.0,0.0
1.0,1.0
0.0,0.0
0.0,0.0
0.0,0.0
1.0,1.0
0.0,0.0
1.0,1.0
1.0,1.0
0.0,0.0
0.0,0.0
1.0,1.0
0.0,0.0
1.0,1.0
0.0,0.0
0.0,0.0
1.0,1.0
1.0,0.0
1.0,1.0
0.0,0.0
0.0,0.0
1.0,1.0
0.0,0.0
0.0,0.0
1.0,1.0
1.0,1.0
0.0,1.0
1.0,1.0
0.0,0.0
1.0,1.0
0.0,0.0
0.0,0.0
0.0,0.0
1.0,1.0
1.0,1.0
0.0,0.0
0.0,0.0
1.0,1.0
0.0,0.0
0.0,0.0
0.0,1.0
0.0,0.0
0.0,0.0
1.0,1.0
0.0,0.0
0.0,0.0
0.0,0.0
1.0,1.0
1.0,1.0
1.0,1.0
0.0,0.0
0.0,0.0
0.0,0.0
0.0,0.0
1.0,1.0
1.0,1.0
0.0,0.0
1.0,1.0
1.0,1.0
1.0,1.0
0.0,0.0
1.0,1.0
1.0,1.0
0.0,0.0
0.0,0.0
1.0,1.0
0.0,0.0
0.0,0.0
1.0,1.0
1.0,1.0
1.0,1.0
0.0,0.0
1.0,1.0
1.0,1.0
1.0,0.0
1.0,1.0
0.0,0.0
0.0,0.0
0.0,0.0
1.0,1.0
0.0,0.0
0.0,0.0
1.0,1.0
0.0,0.0
0.0,0.0
0.0,0.0
0.0,0.0
1.0,1.0
0.0,0.0
0.0,0.0
0.0,0.0
0.0,0.0
0.0,0.0
0.0,0.0
0.0,0.0
1.0,1.0
0.0,0.0
1.0,0.0
0.0,0.0
1.0,1.0
0.0,0.0
0.0,0.0
0.0,0.0
0.0,0.0
0.0,0.0
1.0,1.0
0.0,0.0
0.0,0.0
0.0,0.0
1.0,1.0
1.0,1.0
1.0,1.0
1.0,1.0
1.0,1.0
0.0,0.0
0.0,0.0
0.0,0.0
0.0,0.0
0.0,0.0
0.0,0.0
1.0,1.0
1.0,1.0
0.0,0.0
0.0,0.0
1.0,1.0
1.0,1.0
0.0,0.0
0.0,0.0
0.0,0.0
0.0,0.0
0.0,0.0
0.0,0.0
1.0,1.0
1.0,1.0
0.0,0.0
0.0,0.0
1.0,1.0
1.0,1.0
0.0,0.0
1.0,1.0
0.0,0.0
0.0,0.0
1.0,0.0
1.0,1.0
1.0,1.0
1.0,1.0
1.0,1.0
1.0,1.0
1.0,1.0
0.0,0.0
1.0,1.0
0.0,0.0
0.0,0.0
1.0,1.0
1.0,1.0
1.0,1.0
1.0,1.0
0.0,0.0
1.0,1.0
1.0,1.0
0.0,0.0
0.0,0.0
1.0,1.0
1.0,1.0
0.0,0.0
1.0,1.0
1.0,0.0
1.0,1.0
0.0,0.0
1.0,1.0
0.0,0.0
1.0,1.0
1.0,1.0
1.0,1.0
1.0,1.0
0.0,0.0
0.0,0.0
1.0,1.0
1.0,1.0
0.0,0.0
1.0,1.0
0.0,0.0
1.0,1.0
0.0,0.0
0.0,0.0
0.0,0.0
1.0,1.0
1.0,1.0
1.0,1.0
0.0,0.0
1.0,1.0
0.0,0.0
1.0,1.0
0.0,0.0
0.0,0.0
0.0,0.0
0.0,0.0
0.0,0.0
1.0,1.0
0.0,0.0
1.0,1.0
0.0,0.0
1.0,1.0
0.0,0.0
1.0,1.0
0.0,0.0
1.0,1.0
1.0,1.0
0.0,0.0
1.0,1.0
0.0,0.0
0.0,0.0
0.0,0.0
0.0,0.0
1.0,1.0
0.0,0.0
1.0,1.0
1.0,1.0
1.0,1.0
1.0,1.0
0.0,0.0
1.0,1.0
1.0,1.0
0.0,0.0
0.0,0.0
0.0,0.0
0.0,0.0
1.0,1.0
1.0,1.0
0.0,0.0
1.0,1.0
1.0,1.0
1.0,1.0
0.0,0.0
1.0,1.0
0.0,0.0
1.0,1.0
1.0,1.0
0.0,0.0
0.0,0.0
0.0,0.0
1.0,0.0
1.0,1.0
0.0,1.0
0.0,1.0
1.0,0.0
0.0,0.0
0.0,0.0
0.0,0.0
1.0,1.0
0.0,0.0
1.0,1.0
0.0,0.0
0.0,0.0
0.0,0.0
1.0,1.0
1.0,0.0
0.0,0.0
0.0,0.0
1.0,1.0
0.0,1.0
0.0,0.0
1.0,1.0
1.0,1.0
1.0,1.0
0.0,0.0
1.0,1.0
0.0,0.0
0.0,0.0
1.0,1.0
0.0,1.0
0.0,0.0
0.0,0.0
0.0,0.0
0.0,0.0
1.0,1.0
1.0,1.0
0.0,0.0
1.0,1.0
0.0,0.0
0.0,0.0
0.0,0.0
0.0,0.0
0.0,0.0
1.0,1.0
0.0,0.0
1.0,1.0
1.0,0.0
0.0,1.0
1.0,1.0
0.0,0.0
1.0,1.0
1.0,1.0
0.0,1.0
0.0,0.0
0.0,0.0
0.0,0.0
1.0,1.0
1.0,1.0
0.0,0.0
1.0,1.0
0.0,0.0
1.0,1.0
0.0,0.0
1.0,1.0
0.0,0.0
0.0,0.0
0.0,0.0
0.0,0.0
0.0,0.0
0.0,0.0
0.0,0.0
0.0,0.0
0.0,0.0
0.0,0.0
1.0,1.0
0.0,0.0
0.0,0.0
1.0,1.0
0.0,0.0
1.0,1.0
0.0,0.0
1.0,0.0
1.0,1.0
0.0,0.0
0.0,0.0
0.0,0.0
0.0,0.0
0.0,0.0
0.0,0.0
1.0,1.0
1.0,0.0
1.0,1.0
1.0,1.0
1.0,1.0
1.0,0.0
1.0,1.0
0.0,0.0
0.0,0.0
1.0,1.0
0.0,0.0
1.0,0.0
1.0,0.0
1.0,1.0
1.0,1.0
0.0,0.0
0.0,0.0
1.0,1.0
0.0,0.0
1.0,1.0
0.0,0.0
0.0,1.0
0.0,0.0
0.0,0.0
1.0,1.0
0.0,0.0
1.0,1.0
0.0,0.0
0.0,0.0
1.0,1.0
0.0,0.0
1.0,1.0
1.0,1.0
0.0,0.0
0.0,0.0
1.0,1.0
0.0,1.0
0.0,0.0
0.0,0.0
1.0,1.0
0.0,0.0
1.0,1.0
1.0,1.0
1.0,1.0
0.0,1.0
1.0,1.0
1.0,1.0
0.0,0.0
1.0,1.0
1.0,1.0
0.0,0.0
1.0,1.0
1.0,1.0
1.0,1.0
0.0,0.0
1.0,1.0
1.0,1.0
0.0,0.0
0.0,0.0
0.0,0.0
0.0,0.0
0.0,0.0
0.0,0.0
1.0,1.0
1.0,1.0
0.0,0.0
0.0,0.0
1.0,1.0
0.0,0.0
0.0,0.0
1.0,1.0
0.0,0.0
1.0,1.0
1.0,1.0
0.0,0.0
0.0,0.0
0.0,0.0
1.0,1.0
1.0,1.0
0.0,0.0
0.0,0.0
0.0,0.0
0.0,0.0
0.0,0.0
0.0,0.0
0.0,0.0
0.0,0.0
1.0,1.0
1.0,1.0
0.0,0.0
0.0,0.0
0.0,0.0
0.0,1.0
1.0,1.0
1.0,1.0
1.0,1.0
0.0,0.0
0.0,0.0
1.0,1.0
0.0,0.0
0.0,1.0
0.0,0.0
1.0,1.0
0.0,0.0
0.0,0.0
0.0,0.0
0.0,0.0
0.0,1.0
0.0,0.0
1.0,1.0
0.0,0.0
1.0,1.0
0.0,0.0
0.0,0.0
1.0,0.0
1.0,1.0
0.0,0.0
0.0,0.0
0.0,0.0
1.0,1.0
0.0,0.0
1.0,1.0
1.0,1.0
1.0,1.0
1.0,1.0
0.0,0.0
0.0,0.0
1.0,1.0
0.0,1.0
0.0,0.0
0.0,0.0
0.0,0.0
1.0,0.0
1.0,1.0
0.0,0.0
1.0,1.0
1.0,0.0
1.0,1.0
0.0,1.0
1.0,0.0
1.0,1.0
0.0,0.0
1.0,1.0
1.0,1.0
0.0,0.0
0.0,0.0
1.0,1.0
1.0,1.0
0.0,0.0
0.0,0.0
1.0,1.0
0.0,0.0
0.0,0.0
0.0,0.0
1.0,1.0
0.0,0.0
0.0,0.0
0.0,0.0
0.0,1.0
0.0,0.0
0.0,0.0
1.0,1.0
0.0,0.0
0.0,0.0
0.0,0.0
0.0,0.0
0.0,0.0
0.0,0.0
1.0,1.0
1.0,1.0
0.0,0.0
1.0,1.0
0.0,0.0
0.0,0.0
0.0,0.0
0.0,0.0
1.0,1.0
1.0,1.0
1.0,1.0
0.0,0.0
1.0,1.0
0.0,0.0
1.0,1.0
1.0,1.0
0.0,0.0
0.0,0.0
0.0,0.0
0.0,0.0
0.0,0.0
0.0,0.0
0.0,1.0
0.0,0.0
0.0,0.0
0.0,1.0
0.0,0.0
1.0,0.0
1.0,1.0
0.0,0.0
1.0,1.0
0.0,0.0
1.0,1.0
0.0,0.0
0.0,0.0
0.0,0.0
1.0,1.0
0.0,0.0
0.0,0.0
1.0,0.0
0.0,0.0
0.0,1.0
1.0,0.0
1.0,1.0
0.0,0.0
0.0,1.0
1.0,1.0
1.0,1.0
0.0,0.0
0.0,0.0
0.0,0.0
0.0,0.0
0.0,0.0
0.0,0.0
0.0,0.0
1.0,0.0
0.0,1.0
1.0,1.0
0.0,0.0
0.0,0.0
1.0,1.0
0.0,0.0
1.0,1.0
0.0,0.0
1.0,0.0
0.0,0.0
1.0,0.0
0.0,0.0
1.0,1.0
1.0,1.0
0.0,0.0
1.0,1.0
0.0,0.0
0.0,0.0
1.0,1.0
0.0,0.0
1.0,1.0
0.0,0.0
0.0,0.0
0.0,0.0
0.0,0.0
0.0,0.0
0.0,0.0
1.0,1.0
0.0,0.0
1.0,1.0
0.0,0.0
0.0,0.0
0.0,1.0
0.0,0.0
0.0,0.0
0.0,0.0
0.0,0.0
0.0,0.0
1.0,1.0
0.0,1.0
0.0,0.0
0.0,0.0
0.0,0.0
1.0,1.0
1.0,1.0
1.0,1.0
0.0,0.0
0.0,0.0
0.0,0.0
0.0,0.0
0.0,0.0
0.0,0.0
0.0,0.0
0.0,0.0
0.0,0.0
0.0,0.0
0.0,0.0
0.0,0.0
0.0,0.0
0.0,0.0
0.0,0.0
1.0,1.0
0.0,0.0
0.0,0.0
0.0,0.0
1.0,1.0
0.0,0.0
0.0,0.0
1.0,1.0
1.0,1.0
1.0,1.0
0.0,0.0
0.0,0.0
1.0,1.0
0.0,0.0
1.0,1.0
0.0,0.0
1.0,1.0
0.0,0.0
0.0,0.0
0.0,0.0
0.0,0.0
0.0,0.0
1.0,1.0
1.0,1.0
0.0,1.0
1.0,0.0
0.0,0.0
1.0,1.0
1.0,1.0
0.0,0.0
1.0,1.0
1.0,1.0
1.0,1.0
0.0,0.0
0.0,0.0
0.0,0.0
0.0,0.0
1.0,1.0
1.0,1.0
1.0,1.0
0.0,0.0
0.0,0.0
0.0,0.0
0.0,0.0
0.0,0.0
1.0,1.0
0.0,0.0
0.0,0.0
1.0,1.0
1.0,1.0
1.0,1.0
0.0,0.0
0.0,0.0
0.0,0.0
1.0,1.0
1.0,1.0
0.0,0.0
0.0,0.0
0.0,0.0
0.0,0.0
0.0,0.0
0.0,0.0
1.0,1.0
1.0,1.0
0.0,0.0
0.0,0.0
1.0,1.0
0.0,0.0
1.0,0.0
1.0,1.0
0.0,0.0
1.0,1.0
0.0,0.0
1.0,1.0
0.0,0.0
0.0,0.0
0.0,0.0
0.0,0.0
1.0,1.0
0.0,0.0
0.0,0.0
0.0,0.0
0.0,0.0
1.0,1.0
1.0,1.0
0.0,0.0
1.0,1.0
0.0,0.0
1.0,1.0
1.0,1.0
1.0,1.0
1.0,1.0
0.0,0.0
1.0,1.0
1.0,1.0
0.0,0.0
0.0,0.0
0.0,0.0
0.0,0.0
0.0,0.0
1.0,1.0
0.0,0.0
0.0,0.0
0.0,0.0
1.0,1.0
1.0,1.0
0.0,0.0
0.0,0.0
0.0,0.0
0.0,0.0
0.0,0.0
1.0,1.0
0.0,0.0
0.0,0.0
0.0,0.0
1.0,1.0
0.0,0.0
1.0,1.0
1.0,1.0
1.0,1.0
0.0,0.0
0.0,0.0
1.0,1.0
1.0,1.0
1.0,1.0
0.0,0.0
0.0,0.0
0.0,0.0
0.0,0.0
0.0,0.0
1.0,1.0
0.0,0.0
1.0,1.0
0.0,0.0
0.0,0.0
1.0,1.0
0.0,0.0
1.0,0.0
1.0,1.0
1.0,1.0
0.0,0.0
0.0,0.0
0.0,0.0
0.0,0.0
0.0,0.0
1.0,1.0
0.0,0.0
0.0,0.0
1.0,1.0
0.0,0.0
0.0,1.0
0.0,0.0
1.0,1.0
1.0,1.0
0.0,0.0
1.0,1.0
0.0,0.0
1.0,1.0
0.0,1.0
0.0,0.0
1.0,1.0
1.0,1.0
1.0,1.0
1.0,1.0
0.0,0.0
0.0,0.0
0.0,0.0
0.0,0.0
1.0,1.0
0.0,0.0
0.0,1.0
0.0,1.0
1.0,1.0
0.0,0.0
0.0,0.0
0.0,0.0
0.0,0.0
0.0,0.0
0.0,0.0
1.0,1.0
0.0,0.0
0.0,0.0
1.0,1.0
1.0,1.0
0.0,0.0
0.0,0.0
0.0,0.0
1.0,1.0
0.0,0.0
0.0,0.0
0.0,1.0
0.0,0.0
1.0,1.0
0.0,0.0
1.0,1.0
0.0,0.0
0.0,0.0
1.0,0.0
0.0,0.0
1.0,1.0
0.0,0.0
0.0,0.0
0.0,0.0
0.0,0.0
0.0,0.0
1.0,1.0
1.0,1.0
1.0,1.0
1.0,1.0
0.0,0.0
0.0,0.0
0.0,0.0
1.0,1.0
1.0,1.0
1.0,1.0
0.0,0.0
1.0,1.0
0.0,0.0
1.0,1.0
1.0,1.0
1.0,1.0
0.0,0.0
0.0,0.0
0.0,0.0
1.0,0.0
0.0,0.0
0.0,0.0
0.0,0.0
0.0,0.0
0.0,1.0
1.0,1.0
1.0,1.0
1.0,1.0
1.0,1.0
1.0,1.0
1.0,0.0
1.0,1.0
1.0,1.0
1.0,1.0
0.0,0.0
0.0,0.0
0.0,0.0
0.0,0.0
0.0,0.0
0.0,0.0
0.0,0.0
0.0,0.0
0.0,0.0
1.0,1.0
1.0,0.0
0.0,0.0
1.0,0.0
1.0,1.0
0.0,0.0
1.0,1.0
1.0,1.0
0.0,0.0
0.0,1.0
0.0,0.0
1.0,1.0
1.0,1.0
0.0,0.0
1.0,1.0
0.0,0.0
1.0,1.0
1.0,1.0
1.0,1.0
0.0,0.0
0.0,0.0
0.0,0.0
0.0,0.0
1.0,1.0
1.0,1.0
1.0,0.0
0.0,0.0
0.0,0.0
1.0,1.0
0.0,0.0
1.0,1.0
